Predicted RUL,rtf_id,cycle
94.884476,1,131.0
77.53777,2,144.0
90.00116,3,156.0
83.90201,4,159.0
68.7818,5,167.0
94.73693,6,164.0
70.29261,7,148.0
58.755398,8,192.0
61.489666,9,172.0
51.591873,10,169.0
88.57847,11,139.0
89.30044,12,193.0
97.28307,13,196.0
75.42468,14,203.0
48.7245,15,160.0
53.374584,16,183.0
69.260925,17,164.0
70.34128,18,132.0
78.28195,19,196.0
101.7572,20,190.0
57.290596,21,270.0
68.09567,22,239.0
108.66611,23,135.0
55.944046,24,246.0
