Predicted RUL,rtf_id,cycle
120.06394,1,268.0
117.55429,2,137.0
114.24801,3,129.0
91.92737,4,130.0
117.44061,5,100.0
110.81475,6,123.0
92.96613,7,139.0
95.30786,8,57.0
120.686935,9,75.0
107.598366,10,62.0
117.23293,11,215.0
110.77037,12,182.0
110.086815,13,72.0
116.32177,14,177.0
98.148834,15,117.0
115.25595,16,55.0
122.543304,17,61.0
119.82562,18,105.0
