Predicted RUL,rtf_id,cycle
94.04008,1,110.0
117.502655,2,84.0
106.229324,3,163.0
92.600655,4,137.0
64.56848,5,148.0
107.141884,6,83.0
112.95899,7,87.0
101.58442,8,211.0
109.42966,9,128.0
112.58876,10,153.0
94.27659,11,206.0
117.04731,12,72.0
