Predicted RUL,rtf_id,cycle
11.769981,1,418.0
13.83201,2,194.0
7.413152,3,287.0
13.796147,4,279.0
4.3067384,5,280.0
2.2394886,6,250.0
0.82093847,7,194.0
3.118567,8,273.0
10.2047205,9,289.0
0.14137283,10,207.0
11.939485,11,199.0
4.417333,12,225.0
7.3254957,13,212.0
11.955611,14,187.0
4.210094,15,365.0
13.672334,16,149.0
9.296611,17,332.0
1.463043,18,222.0
14.384769,19,327.0
3.6918366,20,267.0
2.1951523,21,205.0
2.4217436,22,161.0
13.348332,23,211.0
1.8779684,24,184.0
1.3924539,25,255.0
