Predicted RUL,rtf_id,cycle
101.01156,1,190.0
70.42307,2,154.0
112.81582,3,133.0
56.195694,4,196.0
80.17452,5,234.0
83.69924,6,255.0
95.06822,7,227.0
56.816875,8,270.0
93.2703,9,274.0
83.11508,10,272.0
37.463062,11,473.0
88.97526,12,156.0
62.426937,13,169.0
