Predicted RUL,rtf_id,cycle
114.56127,1,288.0
115.604546,2,157.0
112.47271,3,149.0
100.96175,4,150.0
115.14226,5,120.0
109.91588,6,143.0
78.08966,7,159.0
103.70747,8,77.0
117.034706,9,95.0
110.6,10,82.0
104.00638,11,235.0
104.29735,12,202.0
117.67581,13,92.0
116.5302,14,197.0
99.25416,15,137.0
116.87844,16,75.0
114.48333,17,81.0
115.29525,18,125.0
