Predicted RUL,rtf_id,cycle
24.712978,1,250.0
11.987105,2,214.0
27.147736,3,193.0
14.117747,4,256.0
13.884738,5,294.0
12.1179695,6,315.0
15.657611,7,287.0
14.483373,8,330.0
21.74828,9,334.0
16.245213,10,332.0
7.035175,11,533.0
4.6433644,12,216.0
19.948364,13,229.0
