Predicted RUL,rtf_id,cycle
11.108072,1,230.0
6.6595616,2,204.0
8.780273,3,283.0
10.938839,4,257.0
6.353591,5,268.0
7.8832455,6,203.0
7.969026,7,207.0
6.169483,8,331.0
6.1664443,9,248.0
6.803771,10,273.0
10.711927,11,326.0
9.145237,12,192.0
