Predicted RUL,rtf_id,cycle
104.63097,1,348.0
106.93195,2,217.0
85.39962,3,209.0
60.31132,4,210.0
89.88179,5,180.0
79.42973,6,203.0
42.491627,7,219.0
80.55703,8,137.0
115.10185,9,155.0
64.2801,10,142.0
97.65463,11,295.0
54.488026,12,262.0
77.985756,13,152.0
82.6122,14,257.0
47.97976,15,197.0
109.36077,16,135.0
113.9898,17,141.0
116.75571,18,185.0
