Predicted RUL,rtf_id,cycle
5.7039547,1,240.0
3.0903249,2,214.0
5.097518,3,293.0
4.823274,4,267.0
5.701416,5,188.0
5.0309634,6,278.0
5.9390793,7,178.0
3.416595,8,213.0
5.277231,9,217.0
6.927848,10,154.0
5.0545235,11,135.0
2.9233928,12,341.0
4.814984,13,155.0
2.4499,14,258.0
4.2258058,15,283.0
4.648085,16,336.0
3.1343536,17,202.0
5.963074,18,156.0
5.2879715,19,185.0
4.7242947,20,200.0
