Predicted RUL,rtf_id,cycle
118.16401,1,217.0
116.17459,2,155.0
114.60357,3,96.0
117.53764,4,136.0
83.241844,5,211.0
118.1776,6,192.0
118.00552,7,77.0
84.665764,8,262.0
84.155,9,361.0
104.61513,10,145.0
108.974525,11,177.0
