Predicted RUL,rtf_id,cycle
98.337685,1,71.0
114.24943,2,84.0
113.833755,3,96.0
97.528336,4,99.0
102.99425,5,107.0
93.93244,6,104.0
112.78841,7,88.0
97.88136,8,132.0
95.83566,9,112.0
90.193886,10,109.0
101.4507,11,79.0
96.960304,12,133.0
100.01618,13,136.0
107.45165,14,143.0
88.982834,15,100.0
96.77894,16,123.0
103.178276,17,104.0
112.06069,18,72.0
113.28869,19,136.0
113.09295,20,130.0
83.53075,21,210.0
102.473145,22,179.0
117.850784,23,75.0
101.35623,24,186.0
