Predicted RUL,rtf_id,cycle
10.826479,1,191.0
5.365748,2,204.0
7.068768,3,216.0
16.984163,4,219.0
5.6721787,5,227.0
4.4700108,6,224.0
8.606184,7,208.0
4.8593397,8,252.0
0.63346374,9,232.0
4.108739,10,229.0
11.432794,11,199.0
9.05576,12,253.0
10.684599,13,256.0
5.7059236,14,263.0
9.01617,15,220.0
8.594122,16,243.0
14.953208,17,224.0
15.4512,18,192.0
3.612462,19,256.0
11.072181,20,250.0
4.0997267,21,330.0
3.8422866,22,299.0
13.666666,23,195.0
5.3167195,24,306.0
