Predicted RUL,rtf_id,cycle
65.34119,1,170.0
70.75206,2,144.0
76.4401,3,223.0
57.33724,4,197.0
64.495575,5,208.0
56.448517,6,143.0
100.01287,7,147.0
39.215645,8,271.0
64.04202,9,188.0
53.2347,10,213.0
85.2676,11,266.0
98.213974,12,132.0
