Predicted RUL,rtf_id,cycle
12.955657,1,260.0
15.529824,2,194.0
13.186395,3,224.0
10.320689,4,203.0
11.819258,5,170.0
7.448854,6,266.0
15.472499,7,183.0
20.74396,8,304.0
20.044497,9,325.0
12.596429,10,186.0
11.571327,11,297.0
13.856175,12,340.0
13.809358,13,184.0
13.457393,14,161.0
25.315683,15,131.0
9.190742,16,344.0
12.048998,17,342.0
8.863625,18,543.0
10.837262,19,187.0
15.536452,20,177.0
9.170596,21,194.0
13.352753,22,174.0
6.5541797,23,226.0
11.274116,24,170.0
13.908555,25,239.0
