Predicted RUL,rtf_id,cycle
9.146077,1,260.0
12.134012,2,194.0
9.39237,3,224.0
13.691162,4,203.0
8.880974,5,170.0
10.82135,6,266.0
8.740845,7,183.0
13.487196,8,304.0
12.827874,9,325.0
11.723352,10,186.0
13.272895,11,297.0
9.545426,12,340.0
9.836735,13,184.0
17.30163,14,161.0
11.84066,15,131.0
13.284792,16,344.0
11.277847,17,342.0
11.515216,18,543.0
11.016383,19,187.0
10.332548,20,177.0
10.73611,21,194.0
10.394694,22,174.0
11.9009905,23,226.0
9.431432,24,170.0
16.690948,25,239.0
