Predicted RUL,rtf_id,cycle
4.873967,1,347.0
5.042995,2,285.0
4.236799,3,181.0
5.8912396,4,226.0
4.4794703,5,266.0
3.2897763,6,341.0
3.915882,7,172.0
5.6808596,8,322.0
7.156013,9,207.0
5.3887467,10,181.0
6.094354,11,156.0
6.20148,12,158.0
6.063121,13,171.0
5.0030336,14,392.0
3.8587353,15,166.0
6.2649527,16,491.0
5.2986846,17,275.0
5.0539923,18,307.0
6.6078005,19,145.0
6.835175,20,152.0
