Predicted RUL,rtf_id,cycle
4.4279304,1,347.0
4.3267736,2,285.0
4.4789734,3,181.0
5.1664505,4,226.0
4.698363,5,266.0
6.167708,6,341.0
7.0783825,7,172.0
5.110662,8,322.0
5.127399,9,207.0
6.0849667,10,181.0
4.9063416,11,156.0
5.8084044,12,158.0
6.1821103,13,171.0
5.270992,14,392.0
5.5677366,15,166.0
5.359615,16,491.0
4.4494314,17,275.0
3.951213,18,307.0
5.4786167,19,145.0
5.746238,20,152.0
