Predicted RUL,rtf_id,cycle
4.903485,1,240.0
3.244114,2,214.0
2.9687998,3,293.0
4.547442,4,267.0
5.9751096,5,188.0
8.119061,6,278.0
4.1451797,7,178.0
4.7419167,8,213.0
5.279394,9,217.0
6.3399873,10,154.0
3.1448758,11,135.0
4.164663,12,341.0
4.5571585,13,155.0
3.6234066,14,258.0
5.484933,15,283.0
3.710598,16,336.0
2.7063692,17,202.0
5.058193,18,156.0
3.5132382,19,185.0
4.138285,20,200.0
