Predicted RUL,rtf_id,cycle
1.8379152,1,240.0
-0.42873287,2,214.0
1.5049971,3,293.0
1.0485266,4,267.0
3.717545,5,188.0
2.6761339,6,278.0
1.8722599,7,178.0
2.7639415,8,213.0
2.6008186,9,217.0
3.8758242,10,154.0
1.0885237,11,135.0
-1.1153286,12,341.0
1.793162,13,155.0
-1.3406518,14,258.0
-0.43239093,15,283.0
1.868877,16,336.0
-0.15525265,17,202.0
2.352549,18,156.0
2.0486455,19,185.0
2.0957434,20,200.0
