Predicted RUL,rtf_id,cycle
4.1600995,1,418.0
5.993198,2,194.0
8.175881,3,287.0
5.909441,4,279.0
3.6261086,5,280.0
6.2349386,6,250.0
8.918411,7,194.0
7.115206,8,273.0
4.912202,9,289.0
9.474942,10,207.0
5.55552,11,199.0
5.97902,12,225.0
8.45955,13,212.0
8.056331,14,187.0
4.9482355,15,365.0
16.574753,16,149.0
6.3364506,17,332.0
4.825917,18,222.0
5.347348,19,327.0
3.637018,20,267.0
5.8770385,21,205.0
18.836601,22,161.0
6.052091,23,211.0
6.019446,24,184.0
6.6938114,25,255.0
