Predicted RUL,rtf_id,cycle
6.6809363,1,418.0
8.362234,2,194.0
7.276949,3,287.0
8.13149,4,279.0
6.1456733,5,280.0
6.156922,6,250.0
7.3349,7,194.0
12.092482,8,273.0
6.4610248,9,289.0
10.342415,10,207.0
5.651304,11,199.0
5.1424017,12,225.0
6.712355,13,212.0
9.364721,14,187.0
5.5937567,15,365.0
19.808792,16,149.0
7.4823775,17,332.0
6.321614,18,222.0
6.4448447,19,327.0
5.676251,20,267.0
6.174269,21,205.0
14.670471,22,161.0
8.0594425,23,211.0
6.8331027,24,184.0
6.536554,25,255.0
