Predicted RUL,rtf_id,cycle
1.0881398,1,347.0
-0.11055855,2,285.0
1.4293224,3,181.0
2.1701448,4,226.0
2.0311098,5,266.0
1.1561393,6,341.0
1.841504,7,172.0
0.5276416,8,322.0
1.3709911,9,207.0
4.08841,10,181.0
2.8986318,11,156.0
2.904104,12,158.0
3.8532846,13,171.0
3.067031,14,392.0
1.0029745,15,166.0
1.5466936,16,491.0
1.0134813,17,275.0
1.7353722,18,307.0
1.5805167,19,145.0
2.9459193,20,152.0
