Predicted RUL,rtf_id,cycle
109.47997,1,51.0
116.11057,2,64.0
120.568405,3,76.0
114.96373,4,79.0
69.56348,5,87.0
119.07636,6,84.0
111.898865,7,68.0
110.069786,8,112.0
88.3565,9,92.0
81.337975,10,89.0
109.38025,11,59.0
114.8326,12,113.0
113.57811,13,116.0
116.72316,14,123.0
85.0733,15,80.0
71.26625,16,103.0
101.04675,17,84.0
110.06759,18,52.0
117.19619,19,116.0
114.17615,20,110.0
106.10337,21,190.0
107.61244,22,159.0
119.17596,23,55.0
114.77971,24,166.0
