Predicted RUL,rtf_id,cycle
65.36261,1,277.0
81.82068,2,215.0
101.89445,3,156.0
65.46192,4,196.0
43.134457,5,271.0
79.74769,6,252.0
65.79841,7,137.0
51.002735,8,322.0
50.923115,9,421.0
77.91798,10,205.0
71.517006,11,237.0
