Predicted RUL,rtf_id,cycle
117.30709,1,110.0
116.846,2,74.0
118.78427,3,53.0
117.25391,4,116.0
113.342896,5,154.0
116.45718,6,175.0
109.94123,7,147.0
95.99501,8,190.0
118.62277,9,194.0
110.49173,10,192.0
71.92344,11,393.0
114.14012,12,76.0
108.3944,13,89.0
