Predicted RUL,rtf_id,cycle
111.03858,1,90.0
120.37494,2,64.0
120.03776,3,143.0
101.18938,4,117.0
106.44507,5,128.0
118.52471,6,63.0
116.49173,7,67.0
102.6773,8,191.0
100.55908,9,108.0
115.10701,10,133.0
111.72616,11,186.0
119.79336,12,52.0
