Predicted RUL,rtf_id,cycle
1.020309,1,337.0
4.172734,2,275.0
0.38169834,3,216.0
5.2083817,4,256.0
3.3731601,5,331.0
2.6226847,6,312.0
1.7011796,7,197.0
2.1604009,8,382.0
2.6553462,9,481.0
5.004573,10,265.0
4.033215,11,297.0
