Predicted RUL,rtf_id,cycle
97.80149,1,197.0
104.24536,2,135.0
105.866554,3,76.0
106.0281,4,116.0
101.005936,5,191.0
108.65788,6,172.0
114.430756,7,57.0
96.57362,8,242.0
102.05155,9,341.0
103.24409,10,125.0
97.226845,11,157.0
