Predicted RUL,rtf_id,cycle
3.4966178,1,260.0
7.0904083,2,194.0
10.362603,3,224.0
7.674599,4,203.0
5.078828,5,170.0
5.5536785,6,266.0
6.2173615,7,183.0
7.521627,8,304.0
9.529415,9,325.0
8.023643,10,186.0
7.7460833,11,297.0
6.025934,12,340.0
7.7677703,13,184.0
12.761629,14,161.0
7.0421696,15,131.0
7.139214,16,344.0
9.373577,17,342.0
0.18994404,18,543.0
8.331811,19,187.0
9.23174,20,177.0
5.4000072,21,194.0
6.925884,22,174.0
5.4997,23,226.0
10.4203825,24,170.0
7.4874196,25,239.0
