Predicted RUL,rtf_id,cycle
108.73631,1,130.0
66.53225,2,94.0
115.13196,3,73.0
88.12247,4,136.0
105.82306,5,174.0
113.58783,6,195.0
112.23306,7,167.0
84.21921,8,210.0
116.63879,9,214.0
93.34035,10,212.0
82.028366,11,413.0
88.009186,12,96.0
80.78887,13,109.0
