Predicted RUL,rtf_id,cycle
2.1515925,1,240.0
2.0664105,2,214.0
2.0049982,3,293.0
2.5634484,4,267.0
2.6733441,5,188.0
2.9262526,6,278.0
1.9097135,7,178.0
3.2124932,8,213.0
2.484946,9,217.0
3.7954037,10,154.0
1.6720679,11,135.0
2.9840238,12,341.0
3.5201902,13,155.0
2.8644075,14,258.0
2.7504168,15,283.0
2.4347472,16,336.0
1.7810248,17,202.0
4.002057,18,156.0
2.4309227,19,185.0
2.7992594,20,200.0
