Predicted RUL,rtf_id,cycle
18.29845,1,408.0
17.841341,2,277.0
22.304335,3,269.0
9.845551,4,270.0
21.815027,5,240.0
9.962682,6,263.0
6.6099954,7,279.0
8.802792,8,197.0
19.238264,9,215.0
10.323096,10,202.0
15.046872,11,355.0
5.772881,12,322.0
7.902517,13,212.0
13.423918,14,317.0
8.461338,15,257.0
20.412254,16,195.0
30.17143,17,201.0
19.671585,18,245.0
